Datasets,Samples,Early Stopping,Epochs,Test Accuracy,Test F1 Weightet,Test Precision Weighted,Test Recall Weighted
BRACOL,2209,True,96,0.826865671641791,0.8244434778924908,0.8309763413899842,0.826865671641791
BRACOL,2209,False,300,0.8626865671641791,0.8605813699097281,0.8635718406349123,0.8626865671641791
Plant Patologies,542,True,31,0.5225225225225225,0.3586545125006663,0.2730297865433,0.5225225225225225
Plant Patologies,542,False,300,0.9369369369369368,0.9369574369168032,0.937130112568709,0.9369369369369368
RoCoLe,1560,True,59,0.5841269841269842,0.548807032072936,0.5469215969215969,0.5841269841269842
RoCoLe,1560,False,300,0.5873015873015873,0.5801845163009672,0.5777207202171334,0.5873015873015873
