Early Stopping,Epochs,Test Accuracy,Test F1 Weightet,Test Precision Weighted,Test Recall Weighted
True,31,0.5225225225225225,0.3586545125006663,0.2730297865433,0.5225225225225225
False,300,0.9369369369369369,0.9369574369168031,0.937130112568709,0.9369369369369369
