Early Stopping,Epochs,Test Accuracy,Test F1 Weightet,Test Precision Weighted,Test Recall Weighted
True,59,0.5841269841269842,0.548807032072936,0.5469215969215969,0.5841269841269842
False,300,0.5873015873015873,0.5801845163009672,0.5777207202171334,0.5873015873015873
