Early Stopping,Epochs,Test Accuracy,Test F1 Weightet,Test Precision Weighted,Test Recall Weighted
True,77,0.5968253968253968,0.5669107704312463,0.5537524162601809,0.5968253968253968
False,300,0.5968253968253968,0.5772115819994798,0.5757154432168825,0.5968253968253968
