Early Stopping,Epochs,Test Accuracy,Test F1 Weightet,Test Precision Weighted,Test Recall Weighted
True,181,0.8716417910447761,0.8692371622028816,0.8700640895719164,0.8716417910447761
False,300,0.8656716417910447,0.8649916766419964,0.8709232510166128,0.8656716417910447
