Early Stopping,Epochs,Test Accuracy,Test F1 Weightet,Test Precision Weighted,Test Recall Weighted
True,96,0.826865671641791,0.8244434778924908,0.8309763413899842,0.826865671641791
False,300,0.8626865671641791,0.8605813699097281,0.8635718406349123,0.8626865671641791
